LOCAL;REGION;LOCAL;Frecuencia;Proveedor;Enero;Febrero;Marzo;Abril;Mayo;Junio;Julio;Agosto;Septiembre;Octubre;Noviembre;Diciembre
MWG;Alejandro Alvarez;WALMART GUAYMALLEN;Trimestral;QZ
MBM;Alejandro Alvarez;BARRACAS MALL;Mensual;QZ
MML;Alejandro Alvarez;LUJAN DE CUYO;Trimestral;QZ
MMZ;Alejandro Alvarez;MENDOZA ;Mensual;QZ
MAM ;Alejandro Alvarez;ARENA MAIPU;Trimestral;QZ
MAE;Alejandro Alvarez;AEROPARQUE  ;Mensual;QZ
MDO;Alejandro Alvarez;DOT;Trimestral;QZ;45920
MVZ;Alejandro Alvarez;CARREFOUR VELEZ;Bimestral;CR;;45939;MARTES 11/11
MCW;Alejandro Alvarez;WARNES;Bimestral;CR;45922
MST;Alejandro Alvarez;SAN MARTIN;Bimestral;CR;LOCAL CERRADO POR FALTA DE GAS
MNC;Alejandro Alvarez;NORCENTER ;Bimestral;CR;CANCELADO porque es ducto nuevo
MOT;Alejandro Alvarez;TORTUGUITA;Bimestral;CR;HABIA  OTRO PROVEEDOR EN EL LOCAL
MSF;Alejandro Alvarez;SOLEIL;Bimestral;CR;CANCELADO-LO REALIZA EL SHOPPING
MPP;Alejandro Alvarez;PASEO PILAR;Bimestral;CR;45907;MARTES 04/11
MBP;Alejandro Alvarez;PACHECO;Bimestral;CR;45924;JUEVES 06/11
MCT;Alejandro Alvarez;CONSTITUYENTES;Bimestral;CR;45925
MDV;Alejandro Alvarez;DEVOTO;Bimestral;CR;45926
MPA;Alejandro Alvarez;PANAMERICANA;Bimestral;CR;CANCELADO POR SOFIA
MSN;ALEJANDRO ALVAREZ;SALTA;Determinar;QZ
MUN;ALEJANDRO ALVAREZ;UNICENTER;Bimestral;CR;CANCELADO-LO REALIZA EL SHOPPING;CANCELADO
MCB;ALEJANDRO ALVAREZ;CASEROS;Bimestral;CR;45918;LUNES 10/11
MPF;ALEJANDRO ALVAREZ;PUERTO DE FRUTO;Bimestral;CR;45908;VIERNES 07/11
MTC;ALEJANDRO ALVAREZ;TIGRE CALLE;Bimestral;CR;CANCELADO-LO REALIZA EL SHOPPING;LUNES 03/11

MPAT;ALEJANDRO ALVAREZ;197;Bimestral;CR;45909;MIERCOLES 05/11
MLA;GIMENA CONTE;NEUQUEN  3 ( LA ANONIMA );Mensual;Qz
MNA;GIMENA CONTE;NEUQUEN 2  ALTO COMAHUE ;Mensual;Qz
MNQ;GIMENA CONTE;NEUQUEN  1;Mensual;Qz
MWN;GIMENA CONTE;NEUQUEN  4  ( WALMART );Mensual;Qz
MAN;GIMENA CONTE;NEUQUEN AUTO;Mensual;Qz
MMH;GIMENA CONTE;HAEDO AUTO;Bimestral;JTC;45919
MAR;GIMENA CONTE;ALTO ROSARIO ;Mensual;Qz
MCR;GIMENA CONTE;CITY ROSARIO   ;Trimestral;Qz
MNI;Gimena Conte;NINE;Bimestral;JTC;45910
MMVP;Gimena Conte;MORON;Bimestral;JTC;45930
MPO;GIMENA CONTE;PLAZA OESTE;Bimestral;JTC;45910
MSM;Gimena Conte;SAN MIGUEL 1;Bimestral;CR;45906
MLU;GIMENA CONTE;LUJAN 2;Bimestral;JTC;45915
MCS;Gimena Conte;SAN JUSTO 4;Bimestral;JTC;45919
MGC;Gimena Conte;CATAN;Bimestral;JTC;45905
MSJ;Gimena Conte;SAN JUSTO 1 ;Mensual;JTC;45912
MTA;Gimena Conte;TABLADA;Bimestral;JTC;45930
MWS;Gimena Conte;SAN JUSTO 2;Bimestral;JTC;45915
MEP;Gimena Conte;PARANÁ;Trimestral;Qz;45903
MLE;GIMENA CONTE;PARQUE LELOIR;Mensual;JTC;45912
MCM;Gimena Conte;MORENO 1;Bimestral;JTC;45930
MIVP;GIMENA CONTE;ITUZAINGO;Bimestral;JTC;45916
MCC;Jesica Espinoza;COMODORO CENTRO;Mensual;Servicios Integrales
MWC;Jesica Espinoza;COMODORO RIVADAVIA  ;Mensual;Servicios Integrales
MCH;Jesica Espinoza;Comodoro Auto;Mensual;Servicios Integrales
MCA;Jesica Espinoza;CARREFOUR AVELLANEDA ;Bimestral;JTC;45918;LUNES 20/10
AFA;Jesica Espinoza;AMERICAN FAVS;Mensual;Qz
MAA;Jesica Espinoza;ALTO AVELLANEDA ;Mensual;Qz
MOC;Jesica Espinoza;MADERO 2;Mensual;JTC;LUNES 10/11
MPD;Jesica Espinoza;MADERO 3;Bimestral;JTC;45917;MIERCOLES 15/10
MMA;Jesica Espinoza;MADRYN;Trimestral;Qz;Cotizando
MTR;Jesica Espinoza;TRELEW;Bimestral;JTC;Cotizando
MLT;Jesica Espinoza;LAS TOSCAS ;Mensual;JTC;45916;MARTES 28/10
MBO;Jesica Espinoza;BOULEVARD;Bimestral;JTC;45919;NO SE REALIZO-PROBLEMAS CON LA ADMINISTRACCION DEL SHOPPING-VISITA FALLIDA
MLO;Jesica Espinoza;LOMITAS ;Bimestral;JTC;;45908;LUNES 13/10
MPL;Jesica Espinoza;PORTAL LOMAS ;Mensual;JTC;45913;MIERCOLES 08/10
MBB;Jesica Espinoza;Bahia Blanca;Bimestral;JTC;Cotizando
MQM;Jesica Espinoza;QUILMES  JUMBO ;Mensual;JTC;45917;JUEVES 09/10
MAU;Jesica Espinoza;SARANDI;Bimestral;JTC;45910;LUNES 06/10
MVA;Jesica Espinoza;VARELA ;Bimestral;JTC;45916;MIERCOLES 29/10
MLP;Jesica Espinoza;LA PLATA ;Bimestral;JTC;45911;MARTES 21/10
MDB;Jesica Espinoza;DOLORES;Bimestral;JTC;Cotizando;MIERCOLES 29/10
MSB;Jesica Espinoza;BAHIA SHOPPING;Bimestral;JTC;Cotizando
MLZ;Jesica Espinoza;LOMAS CENTRO;Bimestral;JTC;45926;JUEVES 16/10
MPIL;Jesica Espinoza;LA PLATA 5;Bimestral;JTC;45917;MARTES 21/10
MLC;Pablo Baena;AV LA PLATA CALLE;Bimestral;JTC;45951;MIERCOLES 15/10
Jesica Espinoza;LANUS AUTO;Bimestral;JTC;45904;JUEVES 16/10
MAC;Pablo Baena;ACOYTE;Mensual;JTC;45918;LUNES 20/10
MVC;Pablo Baena;CABALLITO ;Bimestral;CR;CANCELADO-LO REALIZA EL SHOPPING
MDI;Pablo Baena;DIAGONAL ;Bimestral;JTC;45923;MIERCOLES 22/10
MC9;Pablo Baena;PELLEGRINI BS AS ;Bimestral;JTC;45918;JUEVES 30/10
MCO;Pablo Baena;CORRIENTES Y 9 DE JULIO ;Bimestral;JTC;45925;JUEVES 23/10
MF2;Pablo Baena;FLORIDA 2;Bimestral;JTC;45923;JUEVES 23/10
MGP;Pablo Baena;GALERIAS PACIFICO   ;Bimestral;CR;45912
MPT;Pablo Baena;TUCUMAN 1;Trimestral;QZ
MRM;Pablo Baena;RECOLETA ;Bimestral;CR;45917
MCG;Pablo Baena;CORDOBA GENERAL PAZ  ;Mensual;CMC;45968
MCL;Pablo Baena;PASEO LIBERTAD;Mensual;CMC;45989
MRC;Pablo Baena;RIO CUARTO;Mensual;CMC;45982
MCP;Pablo Baena;PATIO OLMOS ;Mensual;CMC;45974
MCV;Pablo Baena;VILLA CABRERA ;Mensual;CMC;45979
MSC;Pablo Baena;NUEVO CENTRO;Mensual;CMC;45966
MJC;Pablo Baena;SHOPPING JOCKEY CLUB;Mensual;CMC;45971
MMP;Pablo Baena;MOSTAZA POSADAS;Trimestral;QZ
MAT;Pablo Baena;MATADERO;Bimestral;JTC;LO REALIZO CR;MARTES 28/10
MAB;Pablo Baena;ABASTO;Bimestral;CR;CANCELADO-LO REALIZA EL SHOPPING;CANCELADO
MAP;Pablo Baena;ALTO PALERMO;Bimestral;CR;CANCELADO;VIERNES 14/11
MCJ;Pablo Baena;JUAN B JUSTO   ;Bimestral;JTC;45929;LUNES 27/10
MJS;Pablo Baena;TRENES;Mensual;JTC;45926;Se esta esperando el ok de la administraccion
MPB;Pablo Baena;PARQUE BROWN;Bimestral;CR;CANCELADO;CANCELADO
MPC;Pablo Baena;CENTENARIO;Bimestral;JTC;45925;JUEVES 30/10
MT1;Pablo Baena;FOOD TRUCK;VARIABLE;JTC
MMC;Pablo Baena;Posadas Calle;Determinar;QZ
MT2;JESICA ESPINOZA;FOOD TRUCK;VARIABLE;QZ
